微博id,微博正文,原始图片url,微博视频url,发布位置,发布时间,发布工具,点赞数,转发数,评论数
https://www.weibo.com/5767000967/LC86Xd8Gx,[置顶]自我介绍且保持ing：  原图 ,https://wx4.sinaimg.cn/large/006ihKoDly1h45lo3juobj30u01upqd4.jpg,无,无,2022-07-13 21:03,在学习了Android,0,0,0
https://www.weibo.com/5767000967/LnLdlurPJ,降低对他人的期望，提高对自己的。  ,无,无,无,2022-04-10 09:02,微博轻享版,1,0,27
https://www.weibo.com/5767000967/MiaB1eQa4,#大截图运动#  看渣浪这个吞评就知道大概什么趋势了喜欢来对号入座的sm玩多了的给我发私信你们想挨的骂一句都不会少  [组图共3张] 原图 ,"http://ww4.sinaimg.cn/large/006ihKoDly1h8sv60qiwfj30u01uo48j.jpg,http://ww4.sinaimg.cn/large/006ihKoDly1h8sv61i9flj30u01uo48k.jpg,http://ww2.sinaimg.cn/large/006ihKoDly1h8sv61zds5j30u01uoqbg.jpg",无,无,2022-12-05 13:20,微博轻享版,0,0,0
https://www.weibo.com/5767000967/MiasU2Grm,#大截图运动#  乍一看我以为青年大学习又要交截图了这不是很多地方放开了吗？不应该都忙起来了吗？素未谋面的网人们开始挂截图是干嘛呢想彰显什么呢？想抒发什么呢？还是要发泄什么情绪表达什么情感？这日子就不能自己过自己的哈，连几个月的小孩都要带着一起诅咒，闲的没事干的网人们真的该死哈                                 ,无,无,无,2022-12-05 13:00,微博轻享版,187,1,21
https://www.weibo.com/5767000967/MiamJkBXv,救命🆘外卖生涯最难吃的一顿  原图 ,https://wx3.sinaimg.cn/large/006ihKoDly1h8su5fqqthj31400u07bo.jpg,无,无,2022-12-05 12:45,微博轻享版,0,0,0
https://www.weibo.com/5767000967/MflF8vngr,每次去自习室都带个皮筋或者卡子别头发，走的时候扔桌子上我可以在自习室开小饰品店了  [组图共2张] 原图 ,"http://ww2.sinaimg.cn/large/006ihKoDly1h87evhpew3j30u0140q6s.jpg,http://ww1.sinaimg.cn/large/006ihKoDly1h87evjn51xj30u0140n14.jpg",无,无,2022-11-17 00:00,微博轻享版,0,0,0
https://www.weibo.com/5767000967/Mf7othq6g,怎么我家猫和我口味一毛一样啊抢我的烤红薯糖炒栗子也就算了卤鸭好贵啊！这也要抢  ,无,无,无,2022-11-15 11:41,微博轻享版,0,0,0
https://www.weibo.com/5767000967/Mf6YFaYkX,有被我妈笑到  原图 ,https://wx2.sinaimg.cn/large/006ihKoDly1h85m1loo9dj30u01uo47o.jpg,无,无,2022-11-15 10:37,微博轻享版,1,0,0
https://www.weibo.com/5767000967/Mf6SmfTJ1,用我爸的语言习惯和我妈说话：真的好装啊…  原图 ,https://wx2.sinaimg.cn/large/006ihKoDly1h85llgbdupj30u01uo12c.jpg,无,无,2022-11-15 10:22,微博轻享版,0,0,0
https://www.weibo.com/5767000967/MeZtCf0Lj,这男的怎么每天偷窥我  [组图共2张] 原图 ,"http://ww1.sinaimg.cn/large/006ihKoDly1h84oxgtdkej30u01uoak4.jpg,http://ww4.sinaimg.cn/large/006ihKoDly1h84oxhy93uj30u01uoti7.jpg",无,无,2022-11-14 15:32,微博轻享版,0,0,0
https://www.weibo.com/5767000967/MeZkU3k7Q,上个冬天没有穿过内衣整个夏天都在贴乳贴八月回了家以后到现在甚至乳贴也懒得贴了刚刚拉开一个抽屉，这个抽屉是专门放内衣的好陌生啊好陌生  ,无,无,无,2022-11-14 15:10,微博轻享版,0,0,0
https://www.weibo.com/5767000967/MeWULbcxL,嗯这很改玉  原图 ,https://wx2.sinaimg.cn/large/006ihKoDly1h84dmart0gj30u01uoq7p.jpg,无,无,2022-11-14 09:00,微博轻享版,0,0,1
https://www.weibo.com/5767000967/MdClleaFB,分个手把老子眼睛给哭坏了艹啊  [组图共3张] 原图 ,"http://ww2.sinaimg.cn/large/006ihKoDly1h7u931tkojj31qc0qljym.jpg,http://ww3.sinaimg.cn/large/006ihKoDly1h7u932gcotj31es0u0td4.jpg,http://ww3.sinaimg.cn/large/006ihKoDly1h7u933c6n2j30u0142tdm.jpg",无,无,2022-11-05 14:48,微博轻享版,0,0,0
https://www.weibo.com/5767000967/Mduo2CxoA,我的思路“我哪里不好你要这样对我”我姐妹思路：“你就是最好的”  原图 ,https://wx1.sinaimg.cn/large/006ihKoDly1h7t9yk2nicj30u01uon2f.jpg,无,无,2022-11-04 18:32,微博轻享版,0,0,0
https://www.weibo.com/5767000967/MbI8OzXUQ,wjx牛逼  [组图共4张] 原图 ,"http://ww3.sinaimg.cn/large/006ihKoDly1h7fr8url53j30u01uo758.jpg,http://ww3.sinaimg.cn/large/006ihKoDly1h7fr8whsrmj31400u0til.jpg,http://ww1.sinaimg.cn/large/006ihKoDly1h7fr8yvw3sj31400u0jws.jpg,http://ww4.sinaimg.cn/large/006ihKoDly1h7fr91c524j31400u043z.jpg",无,无,2022-10-24 01:53,微博轻享版,1,0,0
https://www.weibo.com/5767000967/M8SgVnmAM,想吃驴肉火烧  ,无,无,无,2022-10-05 10:09,微博轻享版,0,0,0
https://www.weibo.com/5767000967/M8NBs5sQg,我妈是伟大的精算师，她不精于算计但是真的很喜欢计算。她喜欢给我买完东西以后说“你又花了我好多钱”来调侃我，她习惯每次给我打完生活费都加一句“你长大就知道挣钱不容易了”，她喜欢指指点点我的消费观，她乐于做那个“最会过日子的女人”。她看不上我的一切吃穿，并把这些统称为“上当受骗”。在这个非必要不出门的年代，我妈的原则永远是“非必要不花钱”，如果必须花一些不是生存必需品的钱，那基本都是要打上我的旗号去消费，她快乐地享受完消费以后再快乐地数落我，她依旧是那个成熟的，不乱花钱的，会过日子的女人。哪有这么便宜的事情。道理我都懂，可是我今天心情不好，我就非要跟你闹个不可开交。                                 ,无,无,无,2022-10-04 22:16,微博轻享版,0,1,0
https://www.weibo.com/5767000967/M8EdXp2EJ,本人有一些贱骨头在身上  原图 ,https://wx1.sinaimg.cn/large/006ihKoDly1h6sgt5g1y5j30u01uo10u.jpg,无,无,2022-10-03 22:24,微博轻享版,0,0,0
https://www.weibo.com/5767000967/M6sGdEWv4,zy是考试的神zy说什么我听什么  原图 ,https://wx1.sinaimg.cn/large/006ihKoDly1h6buevwaupj30u0080js5.jpg,无,无,2022-09-19 13:20,微博轻享版,0,0,0
https://www.weibo.com/5767000967/M6sAqDASB,《安慰》  原图 ,https://wx3.sinaimg.cn/large/006ihKoDly1h6bu01l55yj30u00f03zz.jpg,无,无,2022-09-19 13:05,微博轻享版,0,0,0
https://www.weibo.com/5767000967/M5CHEl84M,#羊了个羊 bug#  什么让我们相遇  原图 ,https://wx1.sinaimg.cn/large/006ihKoDly1h65gy36h84j30u01uon0o.jpg,无,无,2022-09-14 01:00,微博轻享版,0,0,0
https://www.weibo.com/5767000967/M5snGisU2,呜呜呜狗勾怎么这么可爱，狗勾永远比猫猫可爱一万倍 不是十三是十五的微博视频  ,无,"https://f.video.weibocdn.com/o0/h174lS21lx07Za8XbVKo010412004fQM0E010.mp4?label=mp4_hd&template=540x960.24.0&Expires=1670221748&ssig=YdoUSTMAEG&KID=unistore,video",无,2022-09-12 22:44,微博视频号,1,0,2
https://www.weibo.com/5767000967/M4pY5r7Hg,二轮复习真的好痛苦我需要鸡汤一下  原图 ,https://wx1.sinaimg.cn/large/006ihKoDly1h5wb0ccyplj30u0140tav.jpg,无,无,2022-09-06 02:45,微博轻享版,1,0,1
https://www.weibo.com/5767000967/M4oNbhzyw,没错，我很小心眼，我心胸狭隘我的前任的最高生活标准要成为我的最低生活标准我才活的开心  ,无,无,无,2022-09-05 23:45,微博轻享版,0,0,0
https://www.weibo.com/5767000967/M33p27Bvp,炸送的一飞冲天睫毛膏真的一飞冲天睫毛直接抵到眼镜片👍🏻  [组图共9张] 原图 ,"http://ww4.sinaimg.cn/large/006ihKoDly1h5lxnx1v8lj30u0140n6m.jpg,http://ww2.sinaimg.cn/large/006ihKoDly1h5lxny8d1wj30u01407bt.jpg,http://ww2.sinaimg.cn/large/006ihKoDly1h5lxnzc9oij30u0140gsx.jpg,http://ww1.sinaimg.cn/large/006ihKoDly1h5lxo0ecx2j30u0140aha.jpg,http://ww2.sinaimg.cn/large/006ihKoDly1h5lxo1d8ywj30u0140mz2.jpg,http://ww2.sinaimg.cn/large/006ihKoDly1h5lxo2jlu9j30u0140dol.jpg,http://ww2.sinaimg.cn/large/006ihKoDly1h5lxo4igbtj30u01407a9.jpg,http://ww2.sinaimg.cn/large/006ihKoDly1h5lxo5iqsoj30u01400xl.jpg,http://ww2.sinaimg.cn/large/006ihKoDly1h5lxo7kaw9j30u0140n3u.jpg",无,无,2022-08-28 03:28,微博轻享版,0,0,0
https://www.weibo.com/5767000967/M27HibqG1,窒息一天今天是真的窒息一天世冠见了  [组图共9张] 原图 ,"http://ww1.sinaimg.cn/large/006ihKoDly1h5euwpqmkzj30u0140wlt.jpg,http://ww1.sinaimg.cn/large/006ihKoDly1h5euwrausvj30u0140jyx.jpg,http://ww4.sinaimg.cn/large/006ihKoDly1h5euwto4gqj30u014047m.jpg,http://ww3.sinaimg.cn/large/006ihKoDly1h5euwu15muj30u01uo781.jpg,http://ww4.sinaimg.cn/large/006ihKoDly1h5euww1p5yj30u0140k8y.jpg,http://ww1.sinaimg.cn/large/006ihKoDly1h5euwwtx67j30o01hcq9v.jpg,http://ww4.sinaimg.cn/large/006ihKoDly1h5euwxdo8ij30u0140afe.jpg,http://ww2.sinaimg.cn/large/006ihKoDly1h5euwxxh8uj30u0140q7x.jpg,http://ww4.sinaimg.cn/large/006ihKoDly1h5euwyilrwj30u0140teh.jpg",无,无,2022-08-22 00:33,微博轻享版,1,0,0
https://www.weibo.com/5767000967/M26gmBaYq,#TTG对战EDGM#  gemini你真毒啊你  ,无,无,无,2022-08-21 20:54,微博轻享版,1,0,0
https://www.weibo.com/5767000967/M24FW3ZtN,什么妖魔鬼怪！什么美女画皮！什么刀山火海！什么陷阱诡计！  [组图共2张] 原图 ,"http://ww1.sinaimg.cn/large/006ihKoDly1h5ehko6bvjj30u01uodms.jpg,http://ww4.sinaimg.cn/large/006ihKoDly1h5ehkop024j30u01uotfq.jpg",无,无,2022-08-21 16:52,微博轻享版,1,0,2
https://www.weibo.com/5767000967/M23zHvlgm,36码的小猫咪  [组图共4张] 原图 ,"http://ww3.sinaimg.cn/large/006ihKoDly1h5ecplrbxcj30u0140jzo.jpg,http://ww3.sinaimg.cn/large/006ihKoDly1h5ecpnce2qj30u0140n8i.jpg,http://ww3.sinaimg.cn/large/006ihKoDly1h5ecpq1ovvj30u014016m.jpg,http://ww3.sinaimg.cn/large/006ihKoDly1h5ecpsfe2xj30u01407gv.jpg",无,无,2022-08-21 14:04,微博轻享版,0,0,0
https://www.weibo.com/5767000967/M22a1j9d7,我天天解读张建华的通知两个月了原来他叫张建荣  [组图共5张] 原图 ,"http://ww1.sinaimg.cn/large/006ihKoDly1h5e6gxffqhj30u00h80u7.jpg,http://ww4.sinaimg.cn/large/006ihKoDly1h5e6gxxx9mj30u00e8ta9.jpg,http://ww1.sinaimg.cn/large/006ihKoDly1h5e6gycnzsj30u00b874z.jpg,http://ww1.sinaimg.cn/large/006ihKoDly1h5e6gzb3tcj30u01uok0c.jpg,http://ww4.sinaimg.cn/large/006ihKoDly1h5e6h07v7dj30ts0d8wfv.jpg",无,无,2022-08-21 10:28,微博轻享版,0,0,0
https://www.weibo.com/5767000967/M1J6LBPgB,？？？我怎么吃瓜吃到自己头上了？？  [组图共2张] 原图 ,"http://ww3.sinaimg.cn/large/006ihKoDly1h5bucy5p7jj30u01uowl8.jpg,http://ww2.sinaimg.cn/large/006ihKoDly1h5bucywighj30u01uo44z.jpg",无,无,2022-08-19 09:57,微博轻享版,0,0,4
https://www.weibo.com/5767000967/M0yAotnC8,gemini：放心吧，你就把你的心放在屁股里！啊不是…是放在…呃…骨盆里  ,无,无,无,2022-08-11 17:20,微博轻享版,1,0,0
https://www.weibo.com/5767000967/M0xQO4rpt,在图书馆碰到了半熟不熟的人赶紧把口罩带上  ,无,无,无,2022-08-11 15:28,微博轻享版,0,0,2
https://www.weibo.com/5767000967/LFUnPEB5T,#有一个懂你的朋友多重要#  我就很幸运，我好朋友好多，我们还互相很懂对方  ,无,无,无,2022-08-07 17:28,微博轻享版,1,0,0
https://www.weibo.com/5767000967/LFTj7p3lL,说好的下大雨？  原图 ,https://wx3.sinaimg.cn/large/006ihKoDly1h4y76lix2sj30u0140tj9.jpg,无,无,2022-08-07 14:43,微博轻享版,1,0,0
https://www.weibo.com/5767000967/LF26NuVvz,我错过的每一顿饭局，每一次露营，每一次密逃和剧本杀来年都要加倍奉还！！！  [组图共3张] 原图 ,"http://ww1.sinaimg.cn/large/006ihKoDly1h4roaxcea2j30u01uodjf.jpg,http://ww1.sinaimg.cn/large/006ihKoDly1h4roaxow4kj30u01uo0x2.jpg,http://ww3.sinaimg.cn/large/006ihKoDly1h4roayhtflj30u01uowiz.jpg",无,无,2022-08-01 23:17,在学习了Android,0,0,0
https://www.weibo.com/5767000967/LE1Fk8TWN,懒狗的日常如下：  [组图共3张] 原图 ,"http://ww3.sinaimg.cn/large/006ihKoDly1h4k0n9fq34j30u01uo7kr.jpg,http://ww3.sinaimg.cn/large/006ihKoDly1h4k0na03nfj30u01uo7li.jpg,http://ww1.sinaimg.cn/large/006ihKoDly1h4k0naihz7j30u01uo197.jpg",无,无,2022-07-26 08:19,在学习了Android,0,0,0
https://www.weibo.com/5767000967/LDwiIEGRq,浅发下窒息的日常  [组图共9张] 原图 ,"http://ww2.sinaimg.cn/large/006ihKoDly1h4g6487btdj30o01hcdtv.jpg,http://ww4.sinaimg.cn/large/006ihKoDly1h4g64aqsklj33342bc1ky.jpg,http://ww2.sinaimg.cn/large/006ihKoDly1h4g64bexyrj30u01uoqbn.jpg,http://ww2.sinaimg.cn/large/006ihKoDly1h4g64ftciij33342bce82.jpg,http://ww4.sinaimg.cn/large/006ihKoDly1h4g64hsi2sj32bc3347wi.jpg,http://ww2.sinaimg.cn/large/006ihKoDly1h4g64k3c16j32bc334u0y.jpg,http://ww2.sinaimg.cn/large/006ihKoDly1h4g64nz3l3j30u01uoh08.jpg,http://ww4.sinaimg.cn/large/006ihKoDly1h4g64pr58oj30u01uowt3.jpg,http://ww4.sinaimg.cn/large/006ihKoDly1h4g64sgktzj30u01uon93.jpg",无,无,2022-07-23 00:28,在学习了Android,1,0,0
https://www.weibo.com/5767000967/LDuXBvbZn,我炸身上总有一些英语笑话哈哈哈  原图 ,https://wx3.sinaimg.cn/large/006ihKoDly1h4g09je11dj30u01uonbh.jpg,无,无,2022-07-22 21:04,在学习了Android,0,0,0
https://www.weibo.com/5767000967/LDc0m7aqO,清相册哈清相册  [组图共4张] 原图 ,"http://ww4.sinaimg.cn/large/006ihKoDly1h4doks2nwej30u014016h.jpg,http://ww3.sinaimg.cn/large/006ihKoDly1h4doksh71pj30u0140wr5.jpg,http://ww2.sinaimg.cn/large/006ihKoDly1h4doktd9koj30u01404bw.jpg,http://ww1.sinaimg.cn/large/006ihKoDly1h4doktqk9cj30u0140tln.jpg",无,无,2022-07-20 20:48,在学习了Android,0,0,0
https://www.weibo.com/5767000967/LDbLJfc5w,进城了发发  [组图共14张] 原图 ,"http://ww2.sinaimg.cn/large/006ihKoDly1h4dnicgny1j30zg1batnr.jpg,http://ww2.sinaimg.cn/large/006ihKoDly1h4dnif9b2rj32dc35skjm.jpg,http://ww2.sinaimg.cn/large/006ihKoDly1h4dnig72ihj30zg1bbtq8.jpg,http://ww2.sinaimg.cn/large/006ihKoDly1h4dniip93ij32o03k0x6q.jpg,http://ww1.sinaimg.cn/large/006ihKoDly1h4dnilzwmrj30u0140dpq.jpg,http://ww1.sinaimg.cn/large/006ihKoDly1h4dnimgms0j30u0140k15.jpg,http://ww3.sinaimg.cn/large/006ihKoDly1h4dnio66u7j32bc3344qr.jpg,http://ww1.sinaimg.cn/large/006ihKoDly1h4dniq550nj32bc334b2b.jpg,http://ww2.sinaimg.cn/large/006ihKoDly1h4dnisgxwsj32bc3344qq.jpg,http://ww4.sinaimg.cn/large/006ihKoDly1h4dniu2n98j32bc3344qq.jpg,http://ww3.sinaimg.cn/large/006ihKoDly1h4dnj7cft7j32bc3344qq.jpg,http://ww1.sinaimg.cn/large/006ihKoDly1h4dnj8vt77j32bc3344qq.jpg,http://ww1.sinaimg.cn/large/006ihKoDly1h4dnjbfqqxj33342bcnpe.jpg,http://ww2.sinaimg.cn/large/006ihKoDly1h4dnjdflj5j33342bce83.jpg",无,无,2022-07-20 20:12,在学习了Android,3,0,8
https://www.weibo.com/5767000967/LDbwb9mrl,怎会如此我只是出去吃了个饭啊！前后也就两三个小时啊，比学了一天还累  [组图共6张] 原图 ,"http://ww2.sinaimg.cn/large/006ihKoDly1h4dmf3xi1uj30u0140n50.jpg,http://ww2.sinaimg.cn/large/006ihKoDly1h4dmf4qh6uj30u0140wme.jpg,http://ww4.sinaimg.cn/large/006ihKoDly1h4dmf5ackaj30u0140thc.jpg,http://ww1.sinaimg.cn/large/006ihKoDly1h4dmf61mtcj30u0140tgq.jpg,http://ww4.sinaimg.cn/large/006ihKoDly1h4dmf8c8gsj30u0140ai2.jpg,http://ww1.sinaimg.cn/large/006ihKoDly1h4dmf8u5bcj30u014045t.jpg",无,无,2022-07-20 19:34,在学习了Android,0,0,1
https://www.weibo.com/5767000967/LDbjPdirD,发微博之前一定要看清楚大小号  ,无,无,无,2022-07-20 19:03,在学习了Android,0,0,2
https://www.weibo.com/5767000967/LAMEoptUQ,正常人讲话：就那个铃兰的簪子…gxy讲话：就那个你很喜欢就给我看了一眼我就给你买了的铃兰的簪子…🙄🙄🙄🙄谁懂啊  ,无,无,无,2022-07-05 00:35,在学习了Android,0,0,0
https://www.weibo.com/5767000967/LAMyz5JQg,1.2.3开心，百变小英每天都给我很多好吃吃 我自己也买了蓝莓，但是英崽还是给我一盒说洗好的吃起来更方便4.5.6依旧是不可能全对的阅读7.七月，开启我的下半年破产之月，买了一堆大件生活品和电器，不是来实习的，是来过日子的…8.第二期结束了，因为我的懒惰有两天没有打卡成功，第三期必须完美！9.真好看啊嘿嘿_(:D)∠)_             [组图共9张]      原图                             ,"http://ww2.sinaimg.cn/large/006ihKoDly1h3vcrpni3uj32bc334npe.jpg,http://ww3.sinaimg.cn/large/006ihKoDly1h3vcrrav4pj32bc334e82.jpg,http://ww4.sinaimg.cn/large/006ihKoDly1h3vcrt1ey8j33342bchdu.jpg,http://ww2.sinaimg.cn/large/006ihKoDly1h3vcryfrf8j32bc3344qr.jpg,http://ww4.sinaimg.cn/large/006ihKoDly1h3vcrzpgzpj32bc334e82.jpg,http://ww4.sinaimg.cn/large/006ihKoDly1h3vcs1iwd7j32bc334b2a.jpg,http://ww4.sinaimg.cn/large/006ihKoDly1h3vcrtszi6j30u01uon5x.jpg,http://ww4.sinaimg.cn/large/006ihKoDly1h3vcs25ot4j30u01uok0i.jpg,http://ww1.sinaimg.cn/large/006ihKoDly1h3vcs2xfc7j31uo0u0tra.jpg",无,无,2022-07-05 00:21,在学习了Android,0,0,0
https://www.weibo.com/5767000967/LALA74tml,我好喜欢龚俊，俊子真的好真诚好可爱一男的  ,无,无,无,2022-07-04 21:52,在学习了Android,2,0,0
https://www.weibo.com/5767000967/LA6Aofs71,离石人！你们的共享电动车为什么都没电！  ,无,无,无,2022-06-30 13:30,在学习了Android,0,0,0
https://www.weibo.com/5767000967/LA6AebzVm,我想喝杨梅瑞纳冰  ,无,无,无,2022-06-30 13:29,在学习了Android,0,0,0
https://www.weibo.com/5767000967/LA5VFxabg,距我最近的瑞幸在71km之外  ,无,无,无,2022-06-30 11:49,在学习了Android,0,0,0
https://www.weibo.com/5767000967/LyXdd7gHb,#花木兰日月双形态典藏皮肤#感觉说不出来哪里和镜有一点像，但是仔细一看好像和露娜又有点关系？后来越看越像李白咋回事…  ,无,无,无,2022-06-22 23:48,在学习了Android,9,0,18
https://www.weibo.com/5767000967/LyRxLw3Mk,嘴哥笑起来好像白敬亭  [组图共9张] 原图 ,"http://ww4.sinaimg.cn/large/006ihKoDly1h3grbwjtizj316y0u0q5p.jpg,http://ww3.sinaimg.cn/large/006ihKoDly1h3grbymi07j316y0u0tcd.jpg,http://ww4.sinaimg.cn/large/006ihKoDly1h3grc7y2q5j316y0u0416.jpg,http://ww4.sinaimg.cn/large/006ihKoDly1h3grc067wwj316y0u0acs.jpg,http://ww3.sinaimg.cn/large/006ihKoDly1h3grc1qvm2j316y0u076o.jpg,http://ww3.sinaimg.cn/large/006ihKoDly1h3grc600xwj316y0u0q5x.jpg,http://ww1.sinaimg.cn/large/006ihKoDly1h3grc3xx2lj316y0u0tbr.jpg,http://ww4.sinaimg.cn/large/006ihKoDly1h3grca75b3j316y0u0adl.jpg,http://ww4.sinaimg.cn/large/006ihKoDly1h3grcc7x8bj316y0u0q6b.jpg",无,无,2022-06-22 09:22,iPad Pro,1,0,2
https://www.weibo.com/5767000967/LyK3HvJ8c,我终于get到了彭彭！！！！  [组图共3张] 原图 ,"http://ww4.sinaimg.cn/large/006ihKoDly1h3fuc1yxdhj31uc1ac4qp.jpg,http://ww1.sinaimg.cn/large/006ihKoDly1h3fuc408rwj31uc1ac4qp.jpg,http://ww2.sinaimg.cn/large/006ihKoDly1h3fuc5v9xuj31uc1ac4qp.jpg",无,无,2022-06-21 14:18,iPad Pro,3,0,1
https://www.weibo.com/5767000967/LyJLM5E5u,to一些sb： 不是十三是十五的微博视频  ,无,"https://f.video.weibocdn.com/o0/nTL9XimGlx07X19izCwU010412006VbN0E010.mp4?label=mp4_hd&template=540x960.24.0&Expires=1670221860&ssig=b9ak3fFJlu&KID=unistore,video",无,2022-06-21 13:34,在学习了Android,0,0,0
https://www.weibo.com/5767000967/LwncM7ju8,背单词睡觉了  [组图共15张] 原图 ,"http://ww2.sinaimg.cn/large/006ihKoDly1h2xtzt5xvkj31ac0yotl1.jpg,http://ww3.sinaimg.cn/large/006ihKoDly1h2xtzxu79nj33402c0qv5.jpg,http://ww2.sinaimg.cn/large/006ihKoDly1h2xu01xllrj32c0340e83.jpg,http://ww2.sinaimg.cn/large/006ihKoDly1h2xu03vc3dj30uk14s1kx.jpg,http://ww4.sinaimg.cn/large/006ihKoDly1h2xu06nz8pj32bc3344qq.jpg,http://ww2.sinaimg.cn/large/006ihKoDly1h2xu07t1i4j312c1eodp8.jpg,http://ww2.sinaimg.cn/large/006ihKoDly1h2xu0di475j32b63404qq.jpg,http://ww3.sinaimg.cn/large/006ihKoDly1h2xu0eojiej31400u0dpq.jpg,http://ww3.sinaimg.cn/large/006ihKoDly1h2xu0fuetwj31400u014h.jpg,http://ww4.sinaimg.cn/large/006ihKoDly1h2xu0gmb6pj30zj1beagb.jpg,http://ww2.sinaimg.cn/large/006ihKoDly1h2xu0hakphj30zj1be44p.jpg,http://ww3.sinaimg.cn/large/006ihKoDly1h2xu0hy39ij31ba0zg7bf.jpg,http://ww4.sinaimg.cn/large/006ihKoDly1h2xu0in9ixj30zg1bathl.jpg,http://ww2.sinaimg.cn/large/006ihKoDly1h2xu0jacqhj30zg1bathl.jpg,http://ww4.sinaimg.cn/large/006ihKoDly1h2xu0k3q91j30u014045t.jpg",无,无,2022-06-06 00:27,微博轻享版,1,0,0
https://www.weibo.com/5767000967/LwmjIgX5C,gxy说给我订了一个簪子！然后我沉默了几秒gxy：wjx你tm别想梦华录了你！！哈哈哈哈哈哈哇靠他怎么知道我在想梦华录！  [组图共3张] 原图 ,"http://ww1.sinaimg.cn/large/006ihKoDly1h2xq3d983aj30u01uo774.jpg,http://ww2.sinaimg.cn/large/006ihKoDly1h2xq3dzsnkj30u01uotba.jpg,http://ww2.sinaimg.cn/large/006ihKoDly1h2xq3eu3icj30u01uowhh.jpg",无,无,2022-06-05 22:11,微博轻享版,1,0,0
https://www.weibo.com/5767000967/LvLA3etiR,呜呜这种事情以后能不能不发生啊我是那种p大点事儿也会惦记纠结半天的废物  [组图共6张] 原图 ,"http://ww1.sinaimg.cn/large/006ihKoDly1h2t7wqgrsmj30u01uon3r.jpg,http://ww4.sinaimg.cn/large/006ihKoDly1h2t7wr0qbtj30u01uojy7.jpg,http://ww4.sinaimg.cn/large/006ihKoDly1h2t7wrl6zaj30u01uoagd.jpg,http://ww3.sinaimg.cn/large/006ihKoDly1h2t7ws7rvuj30u01uodmj.jpg,http://ww2.sinaimg.cn/large/006ihKoDly1h2t7wsxv9tj30u01uoq8v.jpg,http://ww3.sinaimg.cn/large/006ihKoDly1h2t7wtiyvej30u01uowkq.jpg",无,无,2022-06-02 00:40,微博轻享版,0,0,0
https://www.weibo.com/5767000967/LvHTkzChw,#你都多大了还看动画#哈哈然而我妈还会陪我一起看鬼灭[彩虹屁]我哥比我大六岁还天天催我快看狐妖小红娘[彩虹屁]动漫拉近人与人之间的距离！！！！  ,无,无,无,2022-06-01 15:16,iPad Pro,2,0,0
https://www.weibo.com/5767000967/LvHqqnVkI,儿童节考儿科当然很合理啦  [组图共4张] 原图 ,"http://ww1.sinaimg.cn/large/006ihKoDly1h2spk42dg7j31ac1uckjl.jpg,http://ww4.sinaimg.cn/large/006ihKoDly1h2spk3j1wvj31ac1ucnpd.jpg,http://ww3.sinaimg.cn/large/006ihKoDly1h2spk4omjkj31ac1ucqv5.jpg,http://ww3.sinaimg.cn/large/006ihKoDly1h2spk599d4j31ac1ucu0x.jpg",无,无,2022-06-01 14:05,iPad Pro,0,0,0
https://www.weibo.com/5767000967/LvBBsod6y,五月吃啥了  [组图共18张] 原图 ,"http://ww1.sinaimg.cn/large/006ihKoDly1h2rzu65l21j30u0140qaj.jpg,http://ww4.sinaimg.cn/large/006ihKoDly1h2rzu8g5avj30u0140q92.jpg,http://ww2.sinaimg.cn/large/006ihKoDly1h2rzuarlgmj30u0140q9q.jpg,http://ww1.sinaimg.cn/large/006ihKoDly1h2rzudzq1vj30u01407cu.jpg,http://ww2.sinaimg.cn/large/006ihKoDly1h2rzugm2cej30u0140jy6.jpg,http://ww1.sinaimg.cn/large/006ihKoDly1h2rzuj1vjbj30u0140jz4.jpg,http://ww4.sinaimg.cn/large/006ihKoDly1h2rzul4xxzj30u0140tfm.jpg,http://ww2.sinaimg.cn/large/006ihKoDly1h2rzuntg54j30u0140n4i.jpg,http://ww2.sinaimg.cn/large/006ihKoDly1h2rzupaur3j30u0140aho.jpg,http://ww3.sinaimg.cn/large/006ihKoDly1h2rzur26tfj31400u0gsm.jpg,http://ww3.sinaimg.cn/large/006ihKoDly1h2rzusndtsj30u0140wke.jpg,http://ww3.sinaimg.cn/large/006ihKoDly1h2rzutx7zdj30u0140n2i.jpg,http://ww2.sinaimg.cn/large/006ihKoDly1h2rzuvdotoj30u014010t.jpg,http://ww3.sinaimg.cn/large/006ihKoDly1h2rzux6hnlj31400u07c7.jpg,http://ww4.sinaimg.cn/large/006ihKoDly1h2rzuyn18oj30u0141jxe.jpg,http://ww3.sinaimg.cn/large/006ihKoDly1h2rzv0i0ehj30u0140ahg.jpg,http://ww1.sinaimg.cn/large/006ihKoDly1h2rzv26ah8j30u014010p.jpg,http://ww3.sinaimg.cn/large/006ihKoDly1h2rzv41xoyj30u014011x.jpg",无,无,2022-05-31 23:16,微博轻享版,2,0,0
https://www.weibo.com/5767000967/LvBzC8wsP,哦哦哦哦哦哦哦～～～～～～  [组图共2张] 原图 ,"http://ww2.sinaimg.cn/large/006ihKoDly1h2rzqd463vj30u01uo7ai.jpg,http://ww2.sinaimg.cn/large/006ihKoDly1h2rzqc3o7sj30u010h454.jpg",无,无,2022-05-31 23:11,微博轻享版,0,0,0
https://www.weibo.com/5767000967/LvsxGtLva,我最近很强！  [组图共2张] 原图 ,"http://ww1.sinaimg.cn/large/006ihKoDly1h2qvv1cgkkj31uo0u0wkk.jpg,http://ww1.sinaimg.cn/large/006ihKoDly1h2qvv1wpfvj31uo0u0n0p.jpg",无,无,2022-05-31 00:12,微博轻享版,1,0,0
https://www.weibo.com/5767000967/LvnhvABkL,本人近期状态一览：鸡飞狗跳  [组图共9张] 原图 ,"http://ww4.sinaimg.cn/large/006ihKoDly1h2q8mqy0jyj30u01uojxk.jpg,http://ww3.sinaimg.cn/large/006ihKoDly1h2q8mrtlluj30u01uogs7.jpg,http://ww4.sinaimg.cn/large/006ihKoDly1h2q8msku8rj30u01uon35.jpg,http://ww3.sinaimg.cn/large/006ihKoDly1h2q8mtc6uxj30u01uo46t.jpg,http://ww2.sinaimg.cn/large/006ihKoDly1h2q8mtvjzkj30u40u040e.jpg,http://ww3.sinaimg.cn/large/006ihKoDly1h2q8muxy4yj30u01uogx4.jpg,http://ww2.sinaimg.cn/large/006ihKoDly1h2q8mvvbipj30u01uodot.jpg,http://ww4.sinaimg.cn/large/006ihKoDly1h2q8mwgmzij30u01uo0zj.jpg,http://ww1.sinaimg.cn/large/006ihKoDly1h2q8mx1n4vj30u01uodkh.jpg",无,无,2022-05-30 10:48,微博轻享版,2,0,0
https://www.weibo.com/5767000967/LvmUwutRO,阿喀琉斯之踵爱丽丝之髋希波克拉底之肩[赢牛奶]（Allis法治疗髋关节脱位）（Hippocrates法复位肩关节脱位）  ,无,无,无,2022-05-30 09:52,微博轻享版,0,0,2
https://www.weibo.com/5767000967/Lvhrndk91,上火嘴肿成这个样子，说话都往出撅无语🤦🏻♀️  原图 ,https://wx2.sinaimg.cn/large/006ihKoDly1h2pium5l28j30u0140ju0.jpg,无,无,2022-05-29 19:56,微博轻享版,0,0,0
https://www.weibo.com/5767000967/Lvem9xGU0,想co姐！  [组图共2张] 原图 ,"http://ww4.sinaimg.cn/large/006ihKoDly1h2p58fbvsuj30u013z76p.jpg,http://ww4.sinaimg.cn/large/006ihKoDly1h2p58fx492j30u013z765.jpg",无,无,2022-05-29 12:05,微博轻享版,0,0,0
https://www.weibo.com/5767000967/Lvd3NtwoO,昨天的一些排位：小乔天鹅之梦不及昭君姐半分！！！用小乔就没赢过  [组图共9张] 原图 ,"http://ww1.sinaimg.cn/large/006ihKoDly1h2ozibjxfvj31uo0u0jum.jpg,http://ww2.sinaimg.cn/large/006ihKoDly1h2ozica0rkj31uo0u0dj3.jpg,http://ww4.sinaimg.cn/large/006ihKoDly1h2ozicxe6zj31uo0u044b.jpg,http://ww3.sinaimg.cn/large/006ihKoDly1h2ozidipjbj31uo0u0gp1.jpg,http://ww2.sinaimg.cn/large/006ihKoDly1h2ozie9xxfj31uo0u045l.jpg,http://ww3.sinaimg.cn/large/006ihKoDly1h2oziewahhj31uo0u0tc3.jpg,http://ww3.sinaimg.cn/large/006ihKoDly1h2oziffuzvj31uo0u00wc.jpg,http://ww4.sinaimg.cn/large/006ihKoDly1h2ozig0tixj31uo0u0dja.jpg,http://ww3.sinaimg.cn/large/006ihKoDly1h2ozignysfj31uo0u0adi.jpg",无,无,2022-05-29 08:47,微博轻享版,1,0,0
https://www.weibo.com/5767000967/LuVbjmK9Z,王一博，真的好久不见  ,无,无,无,2022-05-27 11:16,微博轻享版,0,0,0
https://www.weibo.com/5767000967/LtVpwxZa6,今天的一些吃吃喝喝  [组图共6张] 原图 ,"http://ww3.sinaimg.cn/large/006ihKoDly1h2f7vaz5xej30u0140n2e.jpg,http://ww2.sinaimg.cn/large/006ihKoDly1h2f7vdcwdnj30u0140afk.jpg,http://ww1.sinaimg.cn/large/006ihKoDly1h2f7vfqrkgj30u0140n22.jpg,http://ww3.sinaimg.cn/large/006ihKoDly1h2f7vhpfjkj30u0140gr0.jpg,http://ww4.sinaimg.cn/large/006ihKoDly1h2f7vkeap0j30u0140tdu.jpg,http://ww4.sinaimg.cn/large/006ihKoDly1h2f7vls9hkj30u0141jxe.jpg",无,无,2022-05-20 22:01,微博轻享版,2,0,0
https://www.weibo.com/5767000967/LtTPu2plL,看，对吧  原图 ,https://wx4.sinaimg.cn/large/006ihKoDly1h2f0w9pbxbj30u01uowlz.jpg,无,无,2022-05-20 17:59,微博轻享版,0,0,0
https://www.weibo.com/5767000967/LtSRGw5ew,抓马西瓜很好喝的好吧！！！我的每一个室友唱过都说好喝！  原图 ,https://wx3.sinaimg.cn/large/006ihKoDly1h2ewmzke88j32542uw4qq.jpg,无,无,2022-05-20 15:32,微博轻享版,0,0,0
https://www.weibo.com/5767000967/LtRgUa9Vx,室友请假出学校回来的手上：  原图 ,https://wx3.sinaimg.cn/large/006ihKoDly1h2eplrq9hkj30qo0zkgq1.jpg,无,无,2022-05-20 11:29,微博轻享版,1,0,0
https://www.weibo.com/5767000967/LtC4nCmdN,我喜欢的男人在大萱那都是gay[开学季][开学季][开学季]  [组图共2张] 原图 ,"http://ww4.sinaimg.cn/large/006ihKoDly1h2cuhoo1n1j30u01uo45b.jpg,http://ww3.sinaimg.cn/large/006ihKoDly1h2cuhp82sej30u01uo0zl.jpg",无,无,2022-05-18 20:47,微博轻享版,2,0,0
https://www.weibo.com/5767000967/LtBMw8l0R,一些死去的记忆开始攻击我们三个  [组图共3张] 原图 ,"http://ww2.sinaimg.cn/large/006ihKoDly1h2ct7ve012j30u01uowl7.jpg,http://ww1.sinaimg.cn/large/006ihKoDly1h2ct7wihwjj30u01uowkn.jpg,http://ww4.sinaimg.cn/large/006ihKoDly1h2ct7vzcmhj30u01uo7bb.jpg",无,无,2022-05-18 20:03,微博轻享版,1,1,0
https://www.weibo.com/5767000967/Ltuag7CF5,"我脸累垮了,,Ծ^Ծ,,我今日早睡！  [组图共6张] 原图 ","http://ww1.sinaimg.cn/large/006ihKoDly1h2bvkoyxwsj30u014040r.jpg,http://ww2.sinaimg.cn/large/006ihKoDly1h2bvkpjdkxj30u0140aby.jpg,http://ww4.sinaimg.cn/large/006ihKoDly1h2bvkq526tj30u0140q4u.jpg,http://ww2.sinaimg.cn/large/006ihKoDly1h2bvkqxxxoj30u0140tao.jpg,http://ww4.sinaimg.cn/large/006ihKoDly1h2bvkrgd0rj30u014076i.jpg,http://ww2.sinaimg.cn/large/006ihKoDly1h2bvkrui0nj30u0140tar.jpg",无,无,2022-05-18 00:39,微博轻享版,2,0,0
https://www.weibo.com/5767000967/LtnMYjJgh,谁背单词背到一半开始嘎嘎狂喜[彩虹屁][哇]  [组图共2张] 原图 ,"http://ww2.sinaimg.cn/large/006ihKoDly1h2b3g0detpj30u01uo0xn.jpg,http://ww3.sinaimg.cn/large/006ihKoDly1h2b3g0w168j30u01uon1i.jpg",无,无,2022-05-17 08:25,微博轻享版,0,0,0
https://www.weibo.com/5767000967/LsFXNwEHo,无语这不就是柴犬  [组图共3张] 原图 ,"http://ww1.sinaimg.cn/large/006ihKoDly1h25pyrlb1wj30u01uonao.jpg,http://ww1.sinaimg.cn/large/006ihKoDly1h25pys8fzcj30u01uowsf.jpg,http://ww1.sinaimg.cn/large/006ihKoDly1h25q36ar8nj30u01uojzn.jpg",无,无,2022-05-12 16:51,微博轻享版,2,0,2
https://www.weibo.com/5767000967/LsFWujmjQ,怎么会有人五月中旬了还把毛衣外套拿出来穿，还把最后一个暖蛋塞到肚子里  原图 ,https://wx4.sinaimg.cn/large/006ihKoDly1h25pvf3wg5j30u0140jz0.jpg,无,无,2022-05-12 16:48,微博轻享版,3,0,2
https://www.weibo.com/5767000967/LsDBCusDo,每天都有新绝望求求西校还是封着吧  [组图共2张] 原图 ,"http://ww4.sinaimg.cn/large/006ihKoDly1h25fk19qmej30u01uoti0.jpg,http://ww3.sinaimg.cn/large/006ihKoDly1h25fk2583ij30u01uoguc.jpg",无,无,2022-05-12 10:51,微博轻享版,1,0,0
https://www.weibo.com/5767000967/LrCLre8lZ,生了！在朋友圈看🐈生宝宝！  [组图共6张] 原图 ,"http://ww1.sinaimg.cn/large/006ihKoDly1h1xq4dxzi1j30u0140108.jpg,http://ww1.sinaimg.cn/large/006ihKoDly1h1xq4er0lzj30u01400vq.jpg,http://ww1.sinaimg.cn/large/006ihKoDly1h1xq4gmeydj31400u0gqj.jpg,http://ww1.sinaimg.cn/large/006ihKoDly1h1xq4h0lydj30u01u0wi1.jpg,http://ww4.sinaimg.cn/large/006ihKoDly1h1xq4htqbnj31400u0n2v.jpg,http://ww3.sinaimg.cn/large/006ihKoDly1h1xq4ims3cj30u01txgqb.jpg",无,无,2022-05-05 18:52,微博轻享版,0,0,0
https://www.weibo.com/5767000967/LrCnBuSHM,欢迎来到对抗路！  [组图共2张] 原图 ,"http://ww1.sinaimg.cn/large/006ihKoDly1h1xofe9c4bj30u01uoaf4.jpg,http://ww1.sinaimg.cn/large/006ihKoDly1h1xoff57rmj30u01uo43k.jpg",无,无,2022-05-05 17:53,微博轻享版,0,0,2
https://www.weibo.com/5767000967/LrCjInEqn,Q：gxy的健身成果是p1还是p2？  [组图共2张] 原图 ,"http://ww3.sinaimg.cn/large/006ihKoDly1h1xo5fnlqdj30u013zgn9.jpg,http://ww2.sinaimg.cn/large/006ihKoDly1h1xo5giul2j30u01uoafc.jpg",无,无,2022-05-05 17:44,微博轻享版,1,0,0
https://www.weibo.com/5767000967/Lrzy1deK4,热烈庆祝wjx背完全部单词！👏🏻👏🏻💐🍾🎊  原图 ,https://wx1.sinaimg.cn/large/006ihKoDly1h1xbxc6ik9j30u01uotbs.jpg,无,无,2022-05-05 10:41,微博轻享版,1,0,0
https://www.weibo.com/5767000967/LryMw7xVU,在教室学习的人能不能管理一下自己的体味啊！  ,无,无,无,2022-05-05 08:44,微博轻享版,1,0,0
https://www.weibo.com/5767000967/LrcHftO1E,今天复盘杨宝昨天的直播早知道有大红包昨天晚上就不去洗澡了  [组图共10张] 原图 ,"http://ww4.sinaimg.cn/large/006ihKoDly1h1uj13r98kj30u016ygv8.jpg,http://ww2.sinaimg.cn/large/006ihKoDly1h1uj153aysj30u016y7dt.jpg,http://ww1.sinaimg.cn/large/006ihKoDly1h1uj16xasyj30u016yti1.jpg,http://ww2.sinaimg.cn/large/006ihKoDly1h1uj18yoyuj30u016ygul.jpg,http://ww2.sinaimg.cn/large/006ihKoDly1h1uj1az3xkj30u016y48z.jpg,http://ww1.sinaimg.cn/large/006ihKoDly1h1uj1cjnhej30u016ydp9.jpg,http://ww2.sinaimg.cn/large/006ihKoDly1h1uj1ewji3j30u016yq9g.jpg,http://ww3.sinaimg.cn/large/006ihKoDly1h1uj1gl0sqj30u016ygtt.jpg,http://ww3.sinaimg.cn/large/006ihKoDly1h1uj1ig9qij30u016ygtt.jpg,http://ww2.sinaimg.cn/large/006ihKoDly1h1uj1k6d64j30u016yai1.jpg",无,无,2022-05-03 00:30,微博轻享版,0,0,0
https://www.weibo.com/5767000967/Lqx5iAKQB,诶小番茄真好吃  原图 ,https://wx1.sinaimg.cn/large/006ihKoDly1h1pfgkjezjj30u014010j.jpg,无,无,2022-04-28 14:34,微博轻享版,0,0,0
https://www.weibo.com/5767000967/LqwEAnYrO,#微博全量开放IP属地功能#  随时随地发现新老乡  ,无,无,无,2022-04-28 13:28,微博轻享版,0,0,2
https://www.weibo.com/5767000967/Lqw0sD1ha,我爹买药“你好，我想问一下你们这里有没有四个字的消炎药”  原图 ,https://wx3.sinaimg.cn/large/006ihKoDly1h1pakqzkgqj30u01uo4ad.jpg,无,无,2022-04-28 11:50,微博轻享版,1,0,0
https://www.weibo.com/5767000967/LqvK5g6kY,开花了！  [组图共4张] 原图 ,"http://ww1.sinaimg.cn/large/006ihKoDly1h1p9eabzzdj30u0140q83.jpg,http://ww2.sinaimg.cn/large/006ihKoDly1h1p9ee07kfj30u0140teu.jpg,http://ww4.sinaimg.cn/large/006ihKoDly1h1p9eivghzj30u0140n26.jpg,http://ww4.sinaimg.cn/large/006ihKoDly1h1p9er1alqj30u01407b2.jpg",无,无,2022-04-28 11:09,微博轻享版,0,0,0
https://www.weibo.com/5767000967/Lqq4Cysc6,捏妈现在就是在和娇姐比谁先饿死  [组图共3张] 原图 ,"http://ww3.sinaimg.cn/large/006ihKoDly1h1okdrhnkkj30u0140n0q.jpg,http://ww4.sinaimg.cn/large/006ihKoDly1h1okds8zexj30u0140q6y.jpg,http://ww4.sinaimg.cn/large/006ihKoDly1h1okdt2fntj30u0140wj8.jpg",无,无,2022-04-27 20:43,微博轻享版,1,0,0
https://www.weibo.com/5767000967/LqoCADhKX,笑死我了它真的太能叫唤了！！！喵喵喵个没完！  [组图共3张] 原图 ,"http://ww4.sinaimg.cn/large/006ihKoDly1h1odyzzy2tj30hm0fl3yu.jpg,http://ww3.sinaimg.cn/large/006ihKoDly1h1odz0g3bjj30u0140dhs.jpg,http://ww3.sinaimg.cn/large/006ihKoDly1h1odz0yfe2j30u0140wgk.jpg",无,无,2022-04-27 17:01,微博轻享版,1,0,0
https://www.weibo.com/5767000967/LqooR5hzv,这只小黄要当妈妈了，它肚子很大很大另一只小黄白也要生孩子了，肚子更大她俩都是很瘦的猫咪，尤其是那只小黄白，她经常在我们宿舍楼里睡觉。昨天我看到她窝在楼道里休息，刚走过去想摸摸她，她就自己慢慢挪动着身子卧到我脚上。她肚子真的太大了，她走路都摇摇晃晃得厉害，四肢和脑袋都像是肚子的附属品。我在老校区的这一年，她已经生了两三次孩子了。突然很想把学校里所有的公猫都绝育掉。             [组图共2张]      原图                             ,"http://ww3.sinaimg.cn/large/006ihKoDly1h1oczrog9ij33342bce83.jpg,http://ww2.sinaimg.cn/large/006ihKoDly1h1ocztbnz3j32bc334u0x.jpg",无,无,2022-04-27 16:28,微博轻享版,0,0,0
